Industries,Recovery %,Gender
Accommodation & Food Services,7.609185051778466,Male
Administrative & Support Services,-2.364554637281932,Male
"Arts, Entertainment & Recreation",2.6470588235294286,Male
Financial & Insurance Services,9.894969596462158,Male
Health & Social Services,11.078787878787889,Male
Information & Communications,16.289262235208188,Male
"Other Community, Social & Personal Services",4.953379953379945,Male
Professional Services,3.4692327171435777,Male
Public Administration & Education,-0.7485416344019469,Male
Real Estate Services,19.805757891085673,Male
Transportation & Storage,-0.6861337162916975,Male
Wholesale & Retail Trade,0.24750024750022492,Male
Construction,0.4599370612442659,Male
Manufacturing,0.9870064967516212,Male
All Sectors,3.314814604422506,Male
Accommodation & Food Services,9.107849988353133,Female
Administrative & Support Services,1.405719825496852,Female
"Arts, Entertainment & Recreation",10.44776119402985,Female
Financial & Insurance Services,9.125018760318166,Female
Health & Social Services,15.536723163841826,Female
Information & Communications,18.834474284711263,Female
"Other Community, Social & Personal Services",1.1002444987774782,Female
Professional Services,6.456082017179278,Female
Public Administration & Education,2.242360869060069,Female
Real Estate Services,9.95260663507109,Female
Transportation & Storage,-0.2773698808941081,Female
Wholesale & Retail Trade,2.333629981212303,Female
Construction,-0.02866150759532232,Female
Manufacturing,3.277479186426391,Female
All Sectors,6.380125983455169,Female
